{"i":1000,"val_loss_history":[1.9759096190049],"val_loss_history_it":[1000],"forward_backward_times":{},"opt":{"max_epochs":50,"checkpoint_every":1000,"batch_size":50,"memory_benchmark":0,"init_from":"","grad_clip":5,"model_type":"lstm","lr_decay_every":5,"print_every":1,"wordvec_size":64,"seq_length":50,"input_json":"all.json","num_layers":2,"input_h5":"all.h5","reset_iterations":1,"rnn_size":128,"dropout":0,"checkpoint_name":"cv\/checkpoint","batchnorm":0,"learning_rate":0.002,"speed_benchmark":0,"gpu_backend":"cuda","lr_decay_factor":0.5,"gpu":-1},"train_loss_history":[5.7041049003601,5.5688271522522,5.3581414222717,5.0187010765076,4.6668586730957,4.3769793510437,4.1721367835999,3.7929656505585,3.7120687961578,3.6362879276276,3.4917812347412,3.4374039173126,3.3391737937927,3.266003370285,3.2496871948242,3.2411806583405,3.1677842140198,3.2097692489624,3.190456867218,3.3026216030121,3.2357459068298,3.21133852005,3.2446484565735,3.2079749107361,3.273674249649,3.2654762268066,3.1833829879761,3.299439907074,3.149694442749,3.133734703064,3.2172696590424,3.1875493526459,3.2465417385101,3.2922241687775,3.173276424408,3.1491196155548,3.1659750938416,3.2131781578064,3.1799123287201,3.2389757633209,3.215852022171,3.1858561038971,3.1539695262909,3.1376581192017,3.2291016578674,3.2907922267914,3.2198283672333,3.2676644325256,3.2248303890228,3.2778112888336,3.223245382309,3.2242705821991,3.28786277771,3.2095370292664,3.1737475395203,3.1951043605804,3.1887028217316,3.2405979633331,3.2059917449951,3.210925579071,3.1824898719788,3.1102571487427,3.1904916763306,3.1731381416321,3.224157333374,3.2141602039337,3.1488161087036,3.1648616790771,3.1486074924469,3.1573827266693,3.1195743083954,3.1455681324005,3.1388218402863,3.1265065670013,3.1474902629852,3.1732616424561,3.1890201568604,3.2250955104828,3.2052567005157,3.2119860649109,3.2025604248047,3.1552076339722,3.1546950340271,3.158890247345,3.1127545833588,3.1730184555054,3.1136445999146,3.1433913707733,3.1300046443939,3.1991057395935,3.1640739440918,3.076322555542,3.0799725055695,3.1421465873718,3.1125378608704,3.0470657348633,3.048056602478,3.0355370044708,3.0486209392548,3.1632397174835,3.1359484195709,3.056410074234,3.2279231548309,3.0856907367706,3.0542187690735,3.1114587783813,3.0475642681122,3.1242496967316,3.1388368606567,3.0575919151306,3.0577030181885,3.0255708694458,3.0001375675201,3.0587062835693,3.0125834941864,3.0112516880035,2.9713461399078,2.9687829017639,3.0711662769318,3.026059627533,2.9619784355164,2.8810575008392,3.0470235347748,3.0480055809021,2.865492105484,2.9178340435028,2.8768379688263,2.9094269275665,2.9102184772491,2.9027047157288,2.884824514389,2.8500051498413,2.9119834899902,2.9499275684357,2.9131391048431,2.7862832546234,2.7081475257874,2.8861002922058,2.8857100009918,2.8626501560211,2.7718160152435,2.7723984718323,2.8275787830353,2.7951416969299,2.8516771793365,2.7067403793335,2.8419008255005,2.8781986236572,2.8700654506683,2.726842880249,2.6954891681671,2.8597528934479,2.7534325122833,2.8317015171051,2.7031314373016,2.7192254066467,2.8193855285645,2.7407751083374,2.7408571243286,2.7574405670166,2.783997297287,2.7201163768768,2.7169773578644,2.6999208927155,2.7368147373199,2.6376476287842,2.7550570964813,2.6538913249969,2.6360096931458,2.7049005031586,2.5248136520386,2.5717828273773,2.629950761795,2.6238865852356,2.5916104316711,2.6611738204956,2.5760478973389,2.5921289920807,2.5568413734436,2.5643329620361,2.5863280296326,2.48828125,2.4919521808624,2.5452649593353,2.4970908164978,2.4793643951416,2.5418267250061,2.4817373752594,2.4130303859711,2.4917607307434,2.454381942749,2.4733669757843,2.5569663047791,2.4727356433868,2.4955582618713,2.5868353843689,2.5049653053284,2.4587235450745,2.5318167209625,2.4173958301544,2.4260005950928,2.5033476352692,2.4640867710114,2.4158096313477,2.4288032054901,2.4332053661346,2.4808070659637,2.4455668926239,2.4775943756104,2.3927829265594,2.4946701526642,2.4599058628082,2.4700076580048,2.4819366931915,2.4530258178711,2.3088111877441,2.3925416469574,2.3975744247437,2.4646871089935,2.392228603363,2.3358061313629,2.3691627979279,2.4102153778076,2.3435184955597,2.3647575378418,2.4087171554565,2.4024209976196,2.2766971588135,2.3998103141785,2.3252167701721,2.3431503772736,2.3677208423615,2.3614556789398,2.4538614749908,2.2779955863953,2.3118438720703,2.3650295734406,2.3660855293274,2.4047284126282,2.3257229328156,2.3538336753845,2.3695321083069,2.3081903457642,2.3660018444061,2.3832771778107,2.4123997688293,2.3915815353394,2.4544909000397,2.3642151355743,2.3334081172943,2.3488862514496,2.3184893131256,2.3618755340576,2.3511731624603,2.3417723178864,2.2834012508392,2.2944936752319,2.2631280422211,2.3365206718445,2.3606371879578,2.3008830547333,2.2527716159821,2.2889745235443,2.3185744285583,2.2817709445953,2.3257005214691,2.2960069179535,2.2671234607697,2.392555475235,2.3200552463531,2.3272321224213,2.2130434513092,2.236626625061,2.3532106876373,2.2974669933319,2.2581629753113,2.246298789978,2.2435255050659,2.336893081665,2.2833681106567,2.2649827003479,2.2526934146881,2.3152649402618,2.3252608776093,2.195353269577,2.2790267467499,2.2779190540314,2.3749198913574,2.187353849411,2.2633106708527,2.2608699798584,2.1912422180176,2.2899556159973,2.2143774032593,2.2383379936218,2.2083435058594,2.215589761734,2.2367262840271,2.1750373840332,2.2773880958557,2.1883318424225,2.2479960918427,2.2579021453857,2.31161236763,2.3368897438049,2.1839101314545,2.209644317627,2.2474617958069,2.2354590892792,2.2119433879852,2.1306190490723,2.1719732284546,2.1644945144653,2.2742762565613,2.2531080245972,2.174391746521,2.257199048996,2.2752220630646,2.2755646705627,2.1821432113647,2.1979098320007,2.1667497158051,2.2373549938202,2.1341264247894,2.1435012817383,2.3134851455688,2.2600879669189,2.2360513210297,2.2087099552155,2.2333886623383,2.2620801925659,2.2843255996704,2.2040205001831,2.2211380004883,2.2600610256195,2.2988560199738,2.2575466632843,2.2371842861176,2.2151272296906,2.1574885845184,2.1830191612244,2.317387342453,2.2788600921631,2.1521129608154,2.1564807891846,2.2684428691864,2.2041721343994,2.2883489131927,2.2260003089905,2.2400722503662,2.2104773521423,2.2402815818787,2.2077901363373,2.2038223743439,2.1913733482361,2.2101423740387,2.2505536079407,2.3109712600708,2.230057477951,2.258761882782,2.2553825378418,2.217298746109,2.1866357326508,2.154180765152,2.164377450943,2.2281334400177,2.129031419754,2.1764647960663,2.163430929184,2.1921319961548,2.2174725532532,2.2466592788696,2.1784415245056,2.1051640510559,2.1595604419708,2.1842386722565,2.2861742973328,2.1761436462402,2.1556329727173,2.1579236984253,2.2048571109772,2.3048663139343,2.184986114502,2.1697888374329,2.2434642314911,2.1868979930878,2.1932744979858,2.1600894927979,2.1686465740204,2.2277715206146,2.1532549858093,2.2384932041168,2.2774384021759,2.1523323059082,2.1982860565186,2.2002058029175,2.1842060089111,2.2067682743073,2.0969145298004,2.1435866355896,2.1021139621735,2.0750696659088,2.2227423191071,2.1302847862244,2.1026248931885,2.2633142471313,2.1892771720886,2.1627449989319,2.171724319458,2.1197948455811,2.1848032474518,2.1179146766663,2.1263399124146,2.1550254821777,2.1938343048096,2.1710183620453,1.9757379293442,2.0505030155182,2.1012125015259,2.1048719882965,2.0442273616791,2.0356090068817,2.0441167354584,2.0952727794647,2.1023857593536,2.0568556785583,2.152001619339,2.1648368835449,2.0336532592773,2.1252450942993,2.0838015079498,2.0450768470764,2.2172219753265,2.0654428005219,2.1002168655396,2.1351506710052,2.0912163257599,2.0791430473328,2.0888042449951,2.1118590831757,2.1021556854248,2.0238535404205,2.112811088562,2.1141624450684,2.0964255332947,2.1218433380127,2.0912170410156,2.1894130706787,2.0660264492035,2.1712422370911,2.1080725193024,2.1029026508331,2.1388416290283,2.1232588291168,2.1090698242188,2.01296043396,2.0634219646454,2.1196672916412,2.0866413116455,2.1209001541138,2.1362755298615,2.1077630519867,2.1512014865875,2.0710465908051,2.1757297515869,2.1444447040558,2.1421599388123,